effect_pts_per_month,n_per_arm,power,arm
0.15,4,0.042,none
0.15,6,0.0473,none
0.15,8,0.0727,none
0.15,12,0.09,none
0.15,16,0.128,none
0.15,24,0.1667,none
0.15,32,0.2007,none
0.15,45,0.2733,none
0.15,60,0.3513,none
0.15,80,0.4533,none
0.15,110,0.5807,none
0.15,150,0.7133,none
0.15,200,0.832,none
0.15,260,0.926,none
0.15,330,0.9547,none
0.15,420,0.9913,none
0.15,550,0.9993,none
0.15,700,1.0,none
0.15,900,1.0,none
0.15,4,0.0493,noise
0.15,6,0.0593,noise
0.15,8,0.064,noise
0.15,12,0.09,noise
0.15,16,0.1247,noise
0.15,24,0.158,noise
0.15,32,0.214,noise
0.15,45,0.296,noise
0.15,60,0.3547,noise
0.15,80,0.4473,noise
0.15,110,0.562,noise
0.15,150,0.7047,noise
0.15,200,0.834,noise
0.15,260,0.9193,noise
0.15,330,0.9687,noise
0.15,420,0.992,noise
0.15,550,0.9993,noise
0.15,700,0.9987,noise
0.15,900,1.0,noise
0.15,4,0.042,clinical_static
0.15,6,0.07,clinical_static
0.15,8,0.084,clinical_static
0.15,12,0.104,clinical_static
0.15,16,0.1273,clinical_static
0.15,24,0.1847,clinical_static
0.15,32,0.2553,clinical_static
0.15,45,0.3053,clinical_static
0.15,60,0.4087,clinical_static
0.15,80,0.5627,clinical_static
0.15,110,0.6827,clinical_static
0.15,150,0.7933,clinical_static
0.15,200,0.9007,clinical_static
0.15,260,0.9633,clinical_static
0.15,330,0.9827,clinical_static
0.15,420,0.9967,clinical_static
0.15,550,1.0,clinical_static
0.15,700,1.0,clinical_static
0.15,900,1.0,clinical_static
0.15,4,0.0513,nfl_ml
0.15,6,0.068,nfl_ml
0.15,8,0.1047,nfl_ml
0.15,12,0.1133,nfl_ml
0.15,16,0.154,nfl_ml
0.15,24,0.2213,nfl_ml
0.15,32,0.286,nfl_ml
0.15,45,0.3767,nfl_ml
0.15,60,0.5173,nfl_ml
0.15,80,0.6047,nfl_ml
0.15,110,0.744,nfl_ml
0.15,150,0.878,nfl_ml
0.15,200,0.952,nfl_ml
0.15,260,0.9833,nfl_ml
0.15,330,0.998,nfl_ml
0.15,420,0.9993,nfl_ml
0.15,550,1.0,nfl_ml
0.15,700,1.0,nfl_ml
0.15,900,1.0,nfl_ml
0.15,4,0.0833,oracle
0.15,6,0.122,oracle
0.15,8,0.1467,oracle
0.15,12,0.2153,oracle
0.15,16,0.2947,oracle
0.15,24,0.4327,oracle
0.15,32,0.5773,oracle
0.15,45,0.7047,oracle
0.15,60,0.8333,oracle
0.15,80,0.9027,oracle
0.15,110,0.9787,oracle
0.15,150,0.996,oracle
0.15,200,1.0,oracle
0.15,260,1.0,oracle
0.15,330,1.0,oracle
0.15,420,1.0,oracle
0.15,550,1.0,oracle
0.15,700,1.0,oracle
0.15,900,1.0,oracle
0.3,4,0.0807,none
0.3,6,0.1307,none
0.3,8,0.2007,none
0.3,12,0.2753,none
0.3,16,0.3993,none
0.3,24,0.5867,none
0.3,32,0.724,none
0.3,45,0.844,none
0.3,60,0.9453,none
0.3,80,0.98,none
0.3,110,0.996,none
0.3,150,1.0,none
0.3,200,1.0,none
0.3,260,1.0,none
0.3,330,1.0,none
0.3,420,1.0,none
0.3,550,1.0,none
0.3,700,1.0,none
0.3,900,1.0,none
0.3,4,0.0733,noise
0.3,6,0.1253,noise
0.3,8,0.184,noise
0.3,12,0.282,noise
0.3,16,0.396,noise
0.3,24,0.562,noise
0.3,32,0.6913,noise
0.3,45,0.8293,noise
0.3,60,0.9267,noise
0.3,80,0.9767,noise
0.3,110,0.998,noise
0.3,150,0.9993,noise
0.3,200,1.0,noise
0.3,260,1.0,noise
0.3,330,1.0,noise
0.3,420,1.0,noise
0.3,550,1.0,noise
0.3,700,1.0,noise
0.3,900,1.0,noise
0.3,4,0.0933,clinical_static
0.3,6,0.1653,clinical_static
0.3,8,0.2367,clinical_static
0.3,12,0.3667,clinical_static
0.3,16,0.4527,clinical_static
0.3,24,0.6787,clinical_static
0.3,32,0.7747,clinical_static
0.3,45,0.9113,clinical_static
0.3,60,0.9587,clinical_static
0.3,80,0.9927,clinical_static
0.3,110,0.998,clinical_static
0.3,150,1.0,clinical_static
0.3,200,1.0,clinical_static
0.3,260,1.0,clinical_static
0.3,330,1.0,clinical_static
0.3,420,1.0,clinical_static
0.3,550,1.0,clinical_static
0.3,700,1.0,clinical_static
0.3,900,1.0,clinical_static
0.3,4,0.114,nfl_ml
0.3,6,0.186,nfl_ml
0.3,8,0.278,nfl_ml
0.3,12,0.4407,nfl_ml
0.3,16,0.55,nfl_ml
0.3,24,0.7347,nfl_ml
0.3,32,0.8447,nfl_ml
0.3,45,0.9453,nfl_ml
0.3,60,0.9873,nfl_ml
0.3,80,0.9987,nfl_ml
0.3,110,1.0,nfl_ml
0.3,150,1.0,nfl_ml
0.3,200,1.0,nfl_ml
0.3,260,1.0,nfl_ml
0.3,330,1.0,nfl_ml
0.3,420,1.0,nfl_ml
0.3,550,1.0,nfl_ml
0.3,700,1.0,nfl_ml
0.3,900,1.0,nfl_ml
0.3,4,0.2067,oracle
0.3,6,0.392,oracle
0.3,8,0.5287,oracle
0.3,12,0.7233,oracle
0.3,16,0.8793,oracle
0.3,24,0.9627,oracle
0.3,32,0.994,oracle
0.3,45,0.9987,oracle
0.3,60,1.0,oracle
0.3,80,1.0,oracle
0.3,110,1.0,oracle
0.3,150,1.0,oracle
0.3,200,1.0,oracle
0.3,260,1.0,oracle
0.3,330,1.0,oracle
0.3,420,1.0,oracle
0.3,550,1.0,oracle
0.3,700,1.0,oracle
0.3,900,1.0,oracle
0.5,4,0.182,none
0.5,6,0.3887,none
0.5,8,0.5433,none
0.5,12,0.7993,none
0.5,16,0.9187,none
0.5,24,0.9847,none
0.5,32,0.9967,none
0.5,45,1.0,none
0.5,60,1.0,none
0.5,80,1.0,none
0.5,110,1.0,none
0.5,150,1.0,none
0.5,200,1.0,none
0.5,260,1.0,none
0.5,330,1.0,none
0.5,420,1.0,none
0.5,550,1.0,none
0.5,700,1.0,none
0.5,900,1.0,none
0.5,4,0.192,noise
0.5,6,0.3773,noise
0.5,8,0.546,noise
0.5,12,0.7907,noise
0.5,16,0.916,noise
0.5,24,0.9867,noise
0.5,32,0.996,noise
0.5,45,1.0,noise
0.5,60,1.0,noise
0.5,80,1.0,noise
0.5,110,1.0,noise
0.5,150,1.0,noise
0.5,200,1.0,noise
0.5,260,1.0,noise
0.5,330,1.0,noise
0.5,420,1.0,noise
0.5,550,1.0,noise
0.5,700,1.0,noise
0.5,900,1.0,noise
0.5,4,0.2467,clinical_static
0.5,6,0.432,clinical_static
0.5,8,0.6207,clinical_static
0.5,12,0.8553,clinical_static
0.5,16,0.9427,clinical_static
0.5,24,0.992,clinical_static
0.5,32,0.9993,clinical_static
0.5,45,1.0,clinical_static
0.5,60,1.0,clinical_static
0.5,80,1.0,clinical_static
0.5,110,1.0,clinical_static
0.5,150,1.0,clinical_static
0.5,200,1.0,clinical_static
0.5,260,1.0,clinical_static
0.5,330,1.0,clinical_static
0.5,420,1.0,clinical_static
0.5,550,1.0,clinical_static
0.5,700,1.0,clinical_static
0.5,900,1.0,clinical_static
0.5,4,0.2887,nfl_ml
0.5,6,0.5187,nfl_ml
0.5,8,0.7393,nfl_ml
0.5,12,0.9173,nfl_ml
0.5,16,0.9753,nfl_ml
0.5,24,0.9973,nfl_ml
0.5,32,1.0,nfl_ml
0.5,45,1.0,nfl_ml
0.5,60,1.0,nfl_ml
0.5,80,1.0,nfl_ml
0.5,110,1.0,nfl_ml
0.5,150,1.0,nfl_ml
0.5,200,1.0,nfl_ml
0.5,260,1.0,nfl_ml
0.5,330,1.0,nfl_ml
0.5,420,1.0,nfl_ml
0.5,550,1.0,nfl_ml
0.5,700,1.0,nfl_ml
0.5,900,1.0,nfl_ml
0.5,4,0.56,oracle
0.5,6,0.8627,oracle
0.5,8,0.964,oracle
0.5,12,0.9953,oracle
0.5,16,1.0,oracle
0.5,24,1.0,oracle
0.5,32,1.0,oracle
0.5,45,1.0,oracle
0.5,60,1.0,oracle
0.5,80,1.0,oracle
0.5,110,1.0,oracle
0.5,150,1.0,oracle
0.5,200,1.0,oracle
0.5,260,1.0,oracle
0.5,330,1.0,oracle
0.5,420,1.0,oracle
0.5,550,1.0,oracle
0.5,700,1.0,oracle
0.5,900,1.0,oracle
