sample_accession,counts_column,condition,cell_line,genotype_label,platform,culture_format,biological_replicate,experiment,title
GSM8075829,M1-3_EDi022-A_CTR_06,control,EDi022-A,CTR,Chip,Flow,6,1.3,"iPSC-derived motor neuron cultures, control, line EDi022-A, Chip, Flow, rep 6, experiment 1.3"
GSM8075828,M1-3_EDi022-A_CTR_05,control,EDi022-A,CTR,Chip,Flow,5,1.3,"iPSC-derived motor neuron cultures, control, line EDi022-A, Chip, Flow, rep 5, experiment 1.3"
GSM8075827,M1-3_EDi022-A_CTR_04,control,EDi022-A,CTR,Chip,Flow,4,1.3,"iPSC-derived motor neuron cultures, control, line EDi022-A, Chip, Flow, rep 4, experiment 1.3"
GSM8075826,M1-3_EDi022-A_CTR_03,control,EDi022-A,CTR,Chip,Static,3,1.3,"iPSC-derived motor neuron cultures, control, line EDi022-A, Chip, Static, rep 3, experiment 1.3"
GSM8075825,M1-3_EDi022-A_CTR_02,control,EDi022-A,CTR,Chip,Static,2,1.3,"iPSC-derived motor neuron cultures, control, line EDi022-A, Chip, Static, rep 2, experiment 1.3"
GSM8075824,M1-3_EDi022-A_CTR_01,control,EDi022-A,CTR,Chip,Static,1,1.3,"iPSC-derived motor neuron cultures, control, line EDi022-A, Chip, Static, rep 1, experiment 1.3"
GSM8075835,M1-3_EDi028-A_CTR_06,control,EDi028-A,CTR,Chip,Flow,6,1.3,"iPSC-derived motor neuron cultures, control, line EDi028-A, Chip, Flow, rep 6, experiment 1.3"
GSM8075834,M1-3_EDi028-A_CTR_05,control,EDi028-A,CTR,Chip,Flow,5,1.3,"iPSC-derived motor neuron cultures, control, line EDi028-A, Chip, Flow, rep 5, experiment 1.3"
GSM8075833,M1-3_EDi028-A_CTR_04,control,EDi028-A,CTR,Chip,Flow,4,1.3,"iPSC-derived motor neuron cultures, control, line EDi028-A, Chip, Flow, rep 4, experiment 1.3"
GSM8075832,M1-3_EDi028-A_CTR_03,control,EDi028-A,CTR,Chip,Static,3,1.3,"iPSC-derived motor neuron cultures, control, line EDi028-A, Chip, Static, rep 3, experiment 1.3"
GSM8075831,M1-3_EDi028-A_CTR_02,control,EDi028-A,CTR,Chip,Static,2,1.3,"iPSC-derived motor neuron cultures, control, line EDi028-A, Chip, Static, rep 2, experiment 1.3"
GSM8075830,M1-3_EDi028-A_CTR_01,control,EDi028-A,CTR,Chip,Static,1,1.3,"iPSC-derived motor neuron cultures, control, line EDi028-A, Chip, Static, rep 1, experiment 1.3"
GSM8075880,M5-4_9FP9iALS_96,ALS,9FP9iALS,ALS,96 Well,Static,,5.4,"iPSC-derived motor neuron cultures, sporadic ALS, line 9FP9iALS, 96 Well, experiment 5.4"
GSM8075879,M5-4_9FP9iALS_03,ALS,9FP9iALS,ALS,Chip,Flow,3,5.4,"iPSC-derived motor neuron cultures, sporadic ALS, line 9FP9iALS, Chip, Flow, rep 3, experiment 5.4"
GSM8075878,M5-4_9FP9iALS_02,ALS,9FP9iALS,ALS,Chip,Flow,2,5.4,"iPSC-derived motor neuron cultures, sporadic ALS, line 9FP9iALS, Chip, Flow, rep 2, experiment 5.4"
GSM8075877,M5-4_9FP9iALS_01,ALS,9FP9iALS,ALS,Chip,Flow,1,5.4,"iPSC-derived motor neuron cultures, sporadic ALS, line 9FP9iALS, Chip, Flow, rep 1, experiment 5.4"
GSM8075876,M5-4_5XVDiALS_96,ALS,5XVDiALS,ALS,96 Well,Static,,5.4,"iPSC-derived motor neuron cultures, sporadic ALS, line 5XVDiALS, 96 Well, experiment 5.4"
GSM8075875,M5-4_5XVDiALS_03,ALS,5XVDiALS,ALS,Chip,Flow,3,5.4,"iPSC-derived motor neuron cultures, sporadic ALS, line 5XVDiALS, Chip, Flow, rep 3, experiment 5.4"
GSM8075874,M5-4_5XVDiALS_02,ALS,5XVDiALS,ALS,Chip,Flow,2,5.4,"iPSC-derived motor neuron cultures, sporadic ALS, line 5XVDiALS, Chip, Flow, rep 2, experiment 5.4"
GSM8075873,M5-4_5XVDiALS_01,ALS,5XVDiALS,ALS,Chip,Flow,1,5.4,"iPSC-derived motor neuron cultures, sporadic ALS, line 5XVDiALS, Chip, Flow, rep 1, experiment 5.4"
GSM8075872,M5-4_3CA9iALS_96,ALS,3CA9iALS,ALS,96 Well,Static,,5.4,"iPSC-derived motor neuron cultures, sporadic ALS, line 3CA9iALS, 96 Well, experiment 5.4"
GSM8075871,M5-4_3CA9iALS_03,ALS,3CA9iALS,ALS,Chip,Flow,3,5.4,"iPSC-derived motor neuron cultures, sporadic ALS, line 3CA9iALS, Chip, Flow, rep 3, experiment 5.4"
GSM8075870,M5-4_2XWCiALS_96,ALS,2XWCiALS,ALS,96 Well,Static,,5.4,"iPSC-derived motor neuron cultures, sporadic ALS, line 2XWCiALS, 96 Well, experiment 5.4"
GSM8075869,M5-4_2XWCiALS_03,ALS,2XWCiALS,ALS,Chip,Flow,3,5.4,"iPSC-derived motor neuron cultures, sporadic ALS, line 2XWCiALS, Chip, Flow, rep 3, experiment 5.4"
GSM8075868,M5-4_2XWCiALS_02,ALS,2XWCiALS,ALS,Chip,Flow,2,5.4,"iPSC-derived motor neuron cultures, sporadic ALS, line 2XWCiALS, Chip, Flow, rep 2, experiment 5.4"
GSM8075856,M5-3_9FP9iALS_03,ALS,9FP9iALS,ALS,Chip,Flow,3,5.3,"iPSC-derived motor neuron cultures, sporadic ALS, line9FP9iALS, Chip, Flow, rep 3, experiment 5.3"
GSM8075855,M5-3_5XVDiALS_03,ALS,5XVDiALS,ALS,Chip,Flow,3,5.3,"iPSC-derived motor neuron cultures, sporadic ALS, line5XVDiALS, Chip, Flow, rep 3, experiment 5.3"
GSM8075854,M5-3_5XVDiALS_02,ALS,5XVDiALS,ALS,Chip,Flow,2,5.3,"iPSC-derived motor neuron cultures, sporadic ALS, line5XVDiALS, Chip, Flow, rep 2, experiment 5.3"
GSM8075853,M5-3_3CA9iALS_03,ALS,3CA9iALS,ALS,Chip,Flow,3,5.3,"iPSC-derived motor neuron cultures, sporadic ALS, line3CA9iALS, Chip, Flow, rep 3, experiment 5.3"
GSM8075852,M5-3_3CA9iALS_02,ALS,3CA9iALS,ALS,Chip,Flow,2,5.3,"iPSC-derived motor neuron cultures, sporadic ALS, line3CA9iALS, Chip, Flow, rep 2, experiment 5.3"
GSM8075851,M5-3_3CA9iALS_01,ALS,3CA9iALS,ALS,Chip,Flow,1,5.3,"iPSC-derived motor neuron cultures, sporadic ALS, line3CA9iALS, Chip, Flow, rep 1, experiment 5.3"
GSM8075850,M5-3_2XWCiALS_03,ALS,2XWCiALS,ALS,Chip,Flow,3,5.3,"iPSC-derived motor neuron cultures, sporadic ALS, line 2XWCiALS, Chip, Flow, rep 3, experiment 5.3"
GSM8075849,M5-3_2XWCiALS_02,ALS,2XWCiALS,ALS,Chip,Flow,2,5.3,"iPSC-derived motor neuron cultures, sporadic ALS, line 2XWCiALS, Chip, Flow, rep 2, experiment 5.3"
GSM8075841,M5-1_5XVDiALS_03,ALS,5XVDiALS,ALS,Chip,Flow,3,5.1,"iPSC-derived motor neuron cultures, sporadic ALS, line 5XVDiALS, Chip, Flow, rep 3, experiment 5.1"
GSM8075840,M5-1_5XVDiALS_02,ALS,5XVDiALS,ALS,Chip,Flow,2,5.1,"iPSC-derived motor neuron cultures, sporadic ALS, line 5XVDiALS, Chip, Flow, rep 2, experiment 5.1"
GSM8075839,M5-1_3CA9iALS_03,ALS,3CA9iALS,ALS,Chip,Flow,3,5.1,"iPSC-derived motor neuron cultures, sporadic ALS, line 3CA9iALS, Chip, Flow, rep 3, experiment 5.1"
GSM8075838,M5-1_3CA9iALS_01,ALS,3CA9iALS,ALS,Chip,Flow,1,5.1,"iPSC-derived motor neuron cultures, sporadic ALS, line 3CA9iALS, Chip, Flow, rep 1, experiment 5.1"
GSM8075837,M5-1_2XWCiALS_03,ALS,2XWCiALS,ALS,Chip,Flow,3,5.1,"iPSC-derived motor neuron cultures, sporadic ALS, line 2XWCiALS, Chip, Flow, rep 3, experiment 5.1"
GSM8075836,M5-1_2XWCiALS_02,ALS,2XWCiALS,ALS,Chip,Flow,2,5.1,"iPSC-derived motor neuron cultures, sporadic ALS, line 2XWCiALS, Chip, Flow, rep 2, experiment 5.1"
GSM8075894,M5-4_EDi043-A_CTR_96,control,EDi043-A,CTR,96 Well,Static,,5.4,"iPSC-derived motor neuron cultures, control, line EDi043-A, 96 Well, experiment 5.4"
GSM8075893,M5-4_EDi043-A_CTR_03,control,EDi043-A,CTR,Chip,Flow,3,5.4,"iPSC-derived motor neuron cultures, control, line EDi043-A, Chip, Flow, rep 3, experiment 5.4"
GSM8075892,M5-4_EDi043-A_CTR_02,control,EDi043-A,CTR,Chip,Flow,2,5.4,"iPSC-derived motor neuron cultures, control, line EDi043-A, Chip, Flow, rep 2, experiment 5.4"
GSM8075891,M5-4_EDi043-A_CTR_01,control,EDi043-A,CTR,Chip,Flow,1,5.4,"iPSC-derived motor neuron cultures, control, line EDi043-A, Chip, Flow, rep 1, experiment 5.4"
GSM8075884,M5-4_EDi022-A_CTR_96,control,EDi022-A,CTR,96 Well,Static,,5.4,"iPSC-derived motor neuron cultures, control, line EDi022-A, 96 Well, experiment 5.4"
GSM8075883,M5-4_EDi022-A_CTR_03,control,EDi022-A,CTR,Chip,Flow,3,5.4,"iPSC-derived motor neuron cultures, control, line EDi022-A, Chip, Flow, rep 3, experiment 5.4"
GSM8075882,M5-4_EDi022-A_CTR_02,control,EDi022-A,CTR,Chip,Flow,2,5.4,"iPSC-derived motor neuron cultures, control, line EDi022-A, Chip, Flow, rep 2, experiment 5.4"
GSM8075881,M5-4_EDi022-A_CTR_01,control,EDi022-A,CTR,Chip,Flow,1,5.4,"iPSC-derived motor neuron cultures, control, line EDi022-A, Chip, Flow, rep 1, experiment 5.4"
GSM8075890,M5-4_EDi029-A_CTR_03,control,EDi029-A,CTR,Chip,Flow,3,5.4,"iPSC-derived motor neuron cultures, control, line EDi029-A, Chip, Flow, rep 3, experiment 5.4"
GSM8075889,M5-4_EDi029-A_CTR_02,control,EDi029-A,CTR,Chip,Flow,2,5.4,"iPSC-derived motor neuron cultures, control, line EDi029-A, Chip, Flow, rep 2, experiment 5.4"
GSM8075888,M5-4_EDi028-A_CTR_96,control,EDi028-A,CTR,96 Well,Static,,5.4,"iPSC-derived motor neuron cultures, control, line EDi028-A, 96 Well, experiment 5.4"
GSM8075887,M5-4_EDi028-A_CTR_03,control,EDi028-A,CTR,Chip,Flow,3,5.4,"iPSC-derived motor neuron cultures, control, line EDi028-A, Chip, Flow, rep 3, experiment 5.4"
GSM8075886,M5-4_EDi028-A_CTR_02,control,EDi028-A,CTR,Chip,Flow,2,5.4,"iPSC-derived motor neuron cultures, control, line EDi028-A, Chip, Flow, rep 2, experiment 5.4"
GSM8075885,M5-4_EDi028-A_CTR_01,control,EDi028-A,CTR,Chip,Flow,1,5.4,"iPSC-derived motor neuron cultures, control, line EDi028-A, Chip, Flow, rep 1, experiment 5.4"
GSM8075867,M5-4_0002iCTR_03,control,0002iCTR,CTR,Chip,Flow,3,5.4,"iPSC-derived motor neuron cultures, control, line 0002iCTR, Chip, Flow, rep 3, experiment 5.4"
GSM8075866,M5-4_0002iCTR_01,control,0002iCTR,CTR,Chip,Flow,1,5.4,"iPSC-derived motor neuron cultures, control, line 0002iCTR, Chip, Flow, rep 1, experiment 5.4"
GSM8075865,M5-3_EDi043-A_CTR_03,control,EDi043-A,CTR,Chip,Flow,3,5.3,"iPSC-derived motor neuron cultures, control, line EDi043-A, Chip, Flow, rep 3, experiment 5.3"
GSM8075864,M5-3_EDi043-A_CTR_02,control,EDi043-A,CTR,Chip,Flow,2,5.3,"iPSC-derived motor neuron cultures, control, line EDi043-A, Chip, Flow, rep 2, experiment 5.3"
GSM8075863,M5-3_EDi043-A_CTR_01,control,EDi043-A,CTR,Chip,Flow,1,5.3,"iPSC-derived motor neuron cultures, control, line EDi043-A, Chip, Flow, rep 1, experiment 5.3"
GSM8075859,M5-3_EDi022-A_CTR_03,control,EDi022-A,CTR,Chip,Flow,3,5.3,"iPSC-derived motor neuron cultures, control, line EDi022-A, Chip, Flow, rep 3, experiment 5.3"
GSM8075858,M5-3_EDi022-A_CTR_02,control,EDi022-A,CTR,Chip,Flow,2,5.3,"iPSC-derived motor neuron cultures, control, line EDi022-A, Chip, Flow, rep 2, experiment 5.3"
GSM8075857,M5-3_EDi022-A_CTR_01,control,EDi022-A,CTR,Chip,Flow,1,5.3,"iPSC-derived motor neuron cultures, control, line EDi022-A, Chip, Flow, rep 1, experiment 5.3"
GSM8075862,M5-3_EDi029-A_CTR_01,control,EDi029-A,CTR,Chip,Flow,1,5.3,"iPSC-derived motor neuron cultures, control, line EDi029-A, Chip, Flow, rep 1, experiment 5.3"
GSM8075861,M5-3_EDi028-A_CTR_03,control,EDi028-A,CTR,Chip,Flow,3,5.3,"iPSC-derived motor neuron cultures, control, line EDi028-A, Chip, Flow, rep 3, experiment 5.3"
GSM8075860,M5-3_EDi028-A_CTR_02,control,EDi028-A,CTR,Chip,Flow,2,5.3,"iPSC-derived motor neuron cultures, control, line EDi028-A, Chip, Flow, rep 2, experiment 5.3"
GSM8075848,M5-3_0002iCTR_03,control,0002iCTR,CTR,Chip,Flow,3,5.3,"iPSC-derived motor neuron cultures, control, line 0002iCTR, Chip, Flow, rep 3, experiment 5.3"
GSM8075847,M5-3_0002iCTR_02,control,0002iCTR,CTR,Chip,Flow,2,5.3,"iPSC-derived motor neuron cultures, control, line 0002iCTR, Chip, Flow, rep 2, experiment 5.3"
GSM8075843,M5-1_EDi022-A_CTR_03,control,EDi022-A,CTR,Chip,Flow,3,5.1,"iPSC-derived motor neuron cultures, control, line EDi022-A, Chip, Flow, rep 3, experiment 5.1"
GSM8075842,M5-1_EDi022-A_CTR_02,control,EDi022-A,CTR,Chip,Flow,2,5.1,"iPSC-derived motor neuron cultures, control, line EDi022-A, Chip, Flow, rep 2, experiment 5.1"
GSM8075846,M5-1_EDi028-A_CTR_03,control,EDi028-A,CTR,Chip,Flow,3,5.1,"iPSC-derived motor neuron cultures, control, line EDi028-A, Chip, Flow, rep 3, experiment 5.1"
GSM8075845,M5-1_EDi028-A_CTR_02,control,EDi028-A,CTR,Chip,Flow,2,5.1,"iPSC-derived motor neuron cultures, control, line EDi028-A, Chip, Flow, rep 2, experiment 5.1"
GSM8075844,M5-1_EDi028-A_CTR_01,control,EDi028-A,CTR,Chip,Flow,1,5.1,"iPSC-derived motor neuron cultures, control, line EDi028-A, Chip, Flow, rep 1, experiment 5.1"
